ASV1769	100.000	445	0	0	1	445	1	445	0.0	822	ASV1769-Sphingobium sp.
ASV1769	99.775	445	1	0	1	445	1	445	0.0	817	ASV1775-Sphingobium sp.
ASV1769	99.775	445	1	0	1	445	1	445	0.0	817	ASV1774-Sphingobium sp.
ASV1769	99.775	445	1	0	1	445	1	445	0.0	817	ASV1760-Sphingobium sp.
ASV1769	99.551	445	2	0	1	445	1	445	0.0	811	ASV1773-Sphingobium sp.
ASV1769	99.551	445	2	0	1	445	1	445	0.0	811	ASV1766-Sphingobium sp.
ASV1769	99.326	445	3	0	1	445	2	446	0.0	806	ASV1757-Sphingobium sp.
ASV1769	99.326	445	3	0	1	445	2	446	0.0	806	ASV1748-Sphingobium sp.
ASV1769	99.326	445	3	0	1	445	2	446	0.0	806	ASV1747-Sphingobium sp.
ASV1769	99.101	445	4	0	1	445	2	446	0.0	800	ASV1765-Sphingobium sp.
ASV1769	99.101	445	4	0	1	445	2	446	0.0	800	ASV1764-Sphingobium sp.
ASV1769	99.101	445	4	0	1	445	2	446	0.0	800	ASV1758-Sphingobium sp.
ASV1769	99.101	445	4	0	1	445	2	446	0.0	800	ASV1744-Sphingobium sp.
ASV1769	99.101	445	4	0	1	445	2	446	0.0	800	ASV1735-Sphingobium sp.
ASV1769	99.101	445	4	0	1	445	2	446	0.0	800	ASV1728-Sphingobium sp.
ASV1769	98.876	445	5	0	1	445	2	446	0.0	795	ASV1743-Sphingobium sp.
ASV1769	94.382	445	25	0	1	445	5	449	0.0	684	ASV1791-Sphingomonas trueperi
ASV1769	93.708	445	23	2	1	445	1	440	0.0	662	ASV1544-Sphingobium czechense
ASV1769	93.483	445	24	2	1	445	1	440	0.0	656	ASV1639-Sphingobium czechense
ASV1769	93.483	445	24	2	1	445	1	440	0.0	656	ASV1623-Sphingobium czechense
ASV1769	93.483	445	24	2	1	445	1	440	0.0	656	ASV1578-Sphingobium czechense
ASV1769	93.034	445	26	3	1	445	1	440	0.0	645	ASV28-Sphingobium czechense
ASV1769	93.034	445	26	3	1	445	1	440	0.0	645	ASV19-Sphingobium czechense
ASV1769	92.809	445	27	3	1	445	1	440	0.0	640	ASV43-Sphingobium czechense
ASV1769	92.809	445	27	3	1	445	1	440	0.0	640	ASV31-Sphingobium czechense
ASV1769	92.809	445	27	3	1	445	1	440	0.0	640	ASV29-Sphingobium czechense
ASV1769	92.809	445	27	3	1	445	1	440	0.0	640	ASV25-Sphingobium czechense
ASV1769	92.809	445	27	3	1	445	1	440	0.0	640	ASV8-Sphingobium czechense
ASV1769	92.809	445	27	3	1	445	1	440	0.0	640	ASV2-Sphingobium czechense
ASV1769	92.584	445	28	3	1	445	1	440	0.0	634	ASV17-Sphingobium czechense
ASV1769	92.584	445	28	3	1	445	1	440	0.0	634	ASV12-Sphingobium czechense
ASV1769	92.584	445	28	3	1	445	1	440	0.0	634	ASV10-Sphingobium czechense
ASV1769	92.584	445	28	3	1	445	1	440	0.0	634	ASV9-Sphingobium czechense
ASV1769	92.584	445	28	3	1	445	1	440	0.0	634	ASV4-Sphingobium czechense
ASV1769	92.584	445	28	3	1	445	1	440	0.0	634	ASV3-Sphingobium czechense
ASV1769	92.360	445	29	3	1	445	1	440	0.0	628	ASV21-Sphingobium czechense
ASV1769	92.360	445	29	3	1	445	1	440	0.0	628	ASV15-Sphingobium czechense
ASV1769	92.360	445	29	3	1	445	1	440	0.0	628	ASV14-Sphingobium czechense
ASV1769	92.360	445	29	3	1	445	1	440	0.0	628	ASV7-Sphingobium czechense
ASV1769	90.753	465	23	11	1	445	1	465	9.20e-174	603	ASV1713-Sphingobium czechense
ASV1769	90.753	465	23	11	1	445	1	465	9.20e-174	603	ASV1681-Sphingobium czechense
ASV1769	91.236	445	34	2	1	445	1	440	3.31e-173	601	ASV996-Novosphingobium endophyticum
ASV1769	91.236	445	34	2	1	445	1	440	3.31e-173	601	ASV454-Novosphingobium endophyticum
ASV1769	91.236	445	34	2	1	445	1	440	3.31e-173	601	ASV253-Novosphingobium endophyticum
ASV1769	91.236	445	34	2	1	445	1	440	3.31e-173	601	ASV226-Novosphingobium endophyticum
ASV1769	91.236	445	34	2	1	445	1	440	3.31e-173	601	ASV87-Novosphingobium endophyticum
ASV1769	90.538	465	24	11	1	445	1	465	4.28e-172	597	ASV1721-Sphingobium czechense
ASV1769	90.538	465	24	11	1	445	1	465	4.28e-172	597	ASV1705-Sphingobium czechense
ASV1769	90.538	465	24	11	1	445	1	465	4.28e-172	597	ASV1693-Sphingobium czechense
ASV1769	90.538	465	24	11	1	445	1	465	4.28e-172	597	ASV1668-Sphingobium czechense
ASV1769	91.011	445	35	2	1	445	2	441	1.54e-171	595	ASV562-Novosphingobium endophyticum
ASV1769	91.011	445	35	2	1	445	1	440	1.54e-171	595	ASV368-Novosphingobium endophyticum
ASV1769	91.011	445	35	2	1	445	1	440	1.54e-171	595	ASV275-Novosphingobium endophyticum
ASV1769	91.011	445	35	2	1	445	1	440	1.54e-171	595	ASV257-Novosphingobium endophyticum
ASV1769	91.011	445	35	2	1	445	1	440	1.54e-171	595	ASV173-Novosphingobium endophyticum
ASV1769	91.011	445	35	2	1	445	1	440	1.54e-171	595	ASV121-Novosphingobium endophyticum
ASV1769	91.011	445	35	2	1	445	1	440	1.54e-171	595	ASV40-Novosphingobium endophyticum
ASV1769	90.323	465	25	11	1	445	1	465	1.99e-170	592	ASV1688-Sphingobium czechense
ASV1769	90.323	465	25	11	1	445	1	465	1.99e-170	592	ASV1661-Sphingobium czechense
ASV1769	90.787	445	36	2	1	445	1	440	7.16e-170	590	ASV288-Novosphingobium endophyticum
ASV1769	90.787	445	36	2	1	445	1	440	7.16e-170	590	ASV209-Novosphingobium endophyticum
ASV1769	90.787	445	36	2	1	445	1	440	7.16e-170	590	ASV94-Novosphingobium endophyticum
ASV1769	90.787	445	36	2	1	445	1	440	7.16e-170	590	ASV53-Novosphingobium endophyticum
ASV1769	90.108	465	26	11	1	445	1	465	9.27e-169	586	ASV1712-Sphingobium czechense
ASV1769	90.108	465	26	10	1	445	2	466	9.27e-169	586	ASV1706-Sphingobium czechense
ASV1769	90.108	465	26	10	1	445	2	466	9.27e-169	586	ASV1682-Sphingobium czechense
ASV1769	90.108	465	26	11	1	445	1	465	9.27e-169	586	ASV1671-Sphingobium czechense
ASV1769	90.108	465	26	11	1	445	1	465	9.27e-169	586	ASV1667-Sphingobium czechense
ASV1769	90.108	465	26	10	1	445	2	466	9.27e-169	586	ASV1657-Sphingobium czechense
ASV1769	90.108	465	26	11	1	445	1	465	9.27e-169	586	ASV1648-Sphingobium czechense
ASV1769	90.108	465	26	11	1	445	1	465	9.27e-169	586	ASV1624-Sphingobium czechense
ASV1769	90.022	461	29	9	1	445	1	460	4.31e-167	580	ASV1788-Sphingobium czechense
ASV1769	90.022	461	29	9	1	445	1	460	4.31e-167	580	ASV1785-Sphingobium rhizovicinum
ASV1769	90.022	461	29	9	1	445	1	460	4.31e-167	580	ASV1782-Sphingobium rhizovicinum
ASV1769	90.022	461	29	9	1	445	1	460	4.31e-167	580	ASV1781-Sphingobium rhizovicinum
ASV1769	90.022	461	29	9	1	445	1	460	4.31e-167	580	ASV1778-Sphingobium rhizovicinum
ASV1769	89.892	465	27	10	1	445	2	466	4.31e-167	580	ASV1714-Sphingobium czechense
ASV1769	89.892	465	27	11	1	445	1	465	4.31e-167	580	ASV1679-Sphingobium czechense
ASV1769	89.892	465	27	11	1	445	1	465	4.31e-167	580	ASV1655-Sphingobium czechense
ASV1769	89.892	465	27	11	1	445	1	465	4.31e-167	580	ASV1641-Sphingobium czechense
ASV1769	90.337	445	38	3	1	445	1	440	1.55e-166	579	ASV972-Novosphingobium endophyticum
ASV1769	90.337	445	38	2	1	445	1	440	1.55e-166	579	ASV882-Sphingomonas kyeonggiensis
ASV1769	90.337	445	38	2	1	445	1	440	1.55e-166	579	ASV523-Sphingomonas kyeonggiensis
ASV1769	90.337	445	38	2	1	445	1	440	1.55e-166	579	ASV455-Sphingomonas kyeonggiensis
ASV1769	89.805	461	30	9	1	445	1	460	2.01e-165	575	ASV1787-Sphingobium czechense
ASV1769	89.805	461	30	9	1	445	1	460	2.01e-165	575	ASV1784-Sphingobium rhizovicinum
ASV1769	89.805	461	30	9	1	445	1	460	2.01e-165	575	ASV1780-Sphingobium czechense
ASV1769	90.112	445	39	2	1	445	2	441	7.21e-165	573	ASV958-Sphingomonas kyeonggiensis
ASV1769	90.112	445	39	2	1	445	1	440	7.21e-165	573	ASV938-Sphingomonas kyeonggiensis
ASV1769	90.112	445	39	2	1	445	1	440	7.21e-165	573	ASV806-Sphingomonas kyeonggiensis
ASV1769	90.112	445	39	2	1	445	1	440	7.21e-165	573	ASV656-Sphingomonas kyeonggiensis
ASV1769	90.112	445	39	2	1	445	1	440	7.21e-165	573	ASV448-Sphingomonas kyeonggiensis
ASV1769	90.112	445	39	2	1	445	1	440	7.21e-165	573	ASV342-Sphingomonas kyeonggiensis
ASV1769	90.112	445	39	2	1	445	1	440	7.21e-165	573	ASV310-Sphingomonas kyeonggiensis
ASV1769	90.112	445	39	2	1	445	1	440	7.21e-165	573	ASV281-Sphingomonas kyeonggiensis
ASV1769	90.112	445	39	2	1	445	1	440	7.21e-165	573	ASV160-Sphingomonas kyeonggiensis
ASV1769	89.588	461	31	9	1	445	1	460	9.33e-164	569	ASV1789-Sphingobium rhizovicinum
ASV1769	89.888	445	40	2	1	445	1	440	3.36e-163	568	ASV853-Sphingomonas kyeonggiensis
ASV1769	89.888	445	40	2	1	445	1	440	3.36e-163	568	ASV804-Sphingomonas kyeonggiensis
ASV1769	89.888	445	40	2	1	445	1	440	3.36e-163	568	ASV747-Sphingomonas kyeonggiensis
ASV1769	89.888	445	40	2	1	445	1	440	3.36e-163	568	ASV710-Sphingomonas kyeonggiensis
ASV1769	89.888	445	40	2	1	445	1	440	3.36e-163	568	ASV436-Sphingomonas kyeonggiensis
ASV1769	89.888	445	40	2	1	445	1	440	3.36e-163	568	ASV373-Sphingomonas kyeonggiensis
ASV1769	89.888	445	40	2	1	445	1	440	3.36e-163	568	ASV274-Sphingomonas kyeonggiensis
ASV1769	89.888	445	40	2	1	445	1	440	3.36e-163	568	ASV228-Sphingomonas kyeonggiensis
ASV1769	89.888	445	40	2	1	445	1	440	3.36e-163	568	ASV177-Sphingomonas kyeonggiensis
ASV1769	89.888	445	40	2	1	445	1	440	3.36e-163	568	ASV169-Sphingomonas kyeonggiensis
ASV1769	89.888	445	40	2	1	445	1	440	3.36e-163	568	ASV63-Sphingomonas kyeonggiensis
ASV1769	89.663	445	41	2	1	445	1	440	1.56e-161	562	ASV1491-Sphingopyxis bauzanensis
ASV1769	89.663	445	41	2	1	445	1	440	1.56e-161	562	ASV1433-Sphingopyxis bauzanensis
ASV1769	89.663	445	41	2	1	445	1	440	1.56e-161	562	ASV1411-Sphingopyxis bauzanensis
ASV1769	89.663	445	41	2	1	445	1	440	1.56e-161	562	ASV826-Sphingomonas kyeonggiensis
ASV1769	89.663	445	41	2	1	445	1	440	1.56e-161	562	ASV273-Sphingomonas kyeonggiensis
ASV1769	89.663	445	41	2	1	445	1	440	1.56e-161	562	ASV176-Sphingomonas kyeonggiensis
ASV1769	89.663	445	41	2	1	445	1	440	1.56e-161	562	ASV168-Sphingomonas kyeonggiensis
ASV1769	89.663	445	41	2	1	445	1	440	1.56e-161	562	ASV148-Sphingomonas kyeonggiensis
ASV1769	89.438	445	42	2	1	445	1	440	7.27e-160	556	ASV1392-Sphingopyxis bauzanensis
ASV1769	89.213	445	43	2	1	445	1	440	3.38e-158	551	ASV1479-Sphingopyxis bauzanensis
ASV1769	89.213	445	43	2	1	445	1	440	3.38e-158	551	ASV1376-Sphingopyxis bauzanensis
ASV1769	89.213	445	43	4	1	445	1	440	3.38e-158	551	ASV883-Ensifer adhaerens
ASV1769	89.213	445	43	4	1	445	1	440	3.38e-158	551	ASV382-Ensifer adhaerens
ASV1769	88.989	445	44	4	1	445	1	440	1.57e-156	545	ASV943-Ensifer adhaerens
ASV1769	88.989	445	44	4	1	445	1	440	1.57e-156	545	ASV755-Ensifer adhaerens
ASV1769	88.989	445	44	4	1	445	1	440	1.57e-156	545	ASV744-Ensifer adhaerens
ASV1769	88.989	445	44	4	1	445	1	440	1.57e-156	545	ASV711-Ensifer adhaerens
ASV1769	88.989	445	44	4	1	445	1	440	1.57e-156	545	ASV699-Ensifer adhaerens
ASV1769	88.989	445	44	4	1	445	1	440	1.57e-156	545	ASV414-Ensifer adhaerens
ASV1769	88.989	445	44	4	1	445	1	440	1.57e-156	545	ASV235-Ensifer adhaerens
ASV1769	88.539	445	51	0	1	445	1	445	7.32e-155	540	ASV1617-Acidovorax temperans
ASV1769	88.764	445	45	4	1	445	1	440	7.32e-155	540	ASV1060-Ensifer adhaerens
ASV1769	88.764	445	45	4	1	445	2	441	7.32e-155	540	ASV871-Ensifer adhaerens
ASV1769	88.764	445	45	4	1	445	1	440	7.32e-155	540	ASV819-Ensifer adhaerens
ASV1769	88.764	445	45	4	1	445	3	442	7.32e-155	540	ASV805-Ensifer adhaerens
ASV1769	88.764	445	45	4	1	445	2	441	7.32e-155	540	ASV774-Ensifer adhaerens
ASV1769	88.764	445	45	4	1	445	1	440	7.32e-155	540	ASV748-Ensifer adhaerens
ASV1769	88.764	445	45	4	1	445	1	440	7.32e-155	540	ASV673-Ensifer adhaerens
ASV1769	88.764	445	45	4	1	445	1	440	7.32e-155	540	ASV478-Ensifer adhaerens
ASV1769	88.764	445	45	4	1	445	1	440	7.32e-155	540	ASV407-Ensifer adhaerens
ASV1769	88.764	445	45	4	1	445	1	440	7.32e-155	540	ASV378-Ensifer adhaerens
ASV1769	88.764	445	45	4	1	445	1	440	7.32e-155	540	ASV374-Ensifer adhaerens
ASV1769	88.764	445	45	4	1	445	1	440	7.32e-155	540	ASV363-Ensifer adhaerens
ASV1769	88.764	445	45	4	1	445	1	440	7.32e-155	540	ASV338-Ensifer adhaerens
ASV1769	88.764	445	45	4	1	445	1	440	7.32e-155	540	ASV326-Ensifer adhaerens
ASV1769	88.315	445	52	0	1	445	1	445	3.40e-153	534	ASV1689-Acidovorax temperans
ASV1769	88.539	445	46	4	1	445	1	440	3.40e-153	534	ASV803-Ensifer adhaerens
ASV1769	88.539	445	46	4	1	445	1	440	3.40e-153	534	ASV759-Ensifer adhaerens
ASV1769	88.539	445	46	4	1	445	1	440	3.40e-153	534	ASV738-Ensifer adhaerens
ASV1769	88.539	445	46	4	1	445	1	440	3.40e-153	534	ASV556-Ensifer adhaerens
ASV1769	88.539	445	46	4	1	445	1	440	3.40e-153	534	ASV354-Ensifer adhaerens
ASV1769	88.539	445	46	4	1	445	1	440	3.40e-153	534	ASV304-Ensifer adhaerens
ASV1769	88.539	445	46	4	1	445	1	440	3.40e-153	534	ASV206-Ensifer adhaerens
ASV1769	88.090	445	53	0	1	445	1	445	1.58e-151	529	ASV1708-Acidovorax delafieldii
ASV1769	88.090	445	53	0	1	445	1	445	1.58e-151	529	ASV1658-Acidovorax delafieldii
ASV1769	88.315	445	47	4	1	445	1	440	1.58e-151	529	ASV842-Ensifer morelensis
ASV1769	88.315	445	47	4	1	445	1	440	1.58e-151	529	ASV793-Ensifer morelensis
ASV1769	88.090	445	48	4	1	445	1	440	7.37e-150	523	ASV720-Ensifer morelensis
ASV1769	87.865	445	49	4	1	445	1	440	3.43e-148	518	ASV727-Ensifer morelensis
ASV1769	87.865	445	49	4	1	445	1	440	3.43e-148	518	ASV650-Ensifer morelensis
ASV1769	87.865	445	49	4	1	445	1	440	3.43e-148	518	ASV344-Ensifer morelensis
ASV1769	87.444	446	54	2	1	445	2	446	1.60e-146	512	ASV1684-Bacillus mesonae
ASV1769	87.444	446	54	2	1	445	2	446	1.60e-146	512	ASV1610-Bacillus mesonae
ASV1769	87.444	446	54	2	1	445	2	446	1.60e-146	512	ASV1607-Bacillus mesonae
ASV1769	87.640	445	50	4	1	445	1	440	1.60e-146	512	ASV682-Ensifer morelensis
ASV1769	87.640	445	50	4	1	445	1	440	1.60e-146	512	ASV672-Ensifer morelensis
ASV1769	87.640	445	50	4	1	445	1	440	1.60e-146	512	ASV543-Ensifer morelensis
ASV1769	87.640	445	50	4	1	445	1	440	1.60e-146	512	ASV508-Ensifer morelensis
ASV1769	87.220	446	55	2	1	445	1	445	7.42e-145	507	ASV1762-Bacillus mesonae
ASV1769	87.220	446	55	2	1	445	1	445	7.42e-145	507	ASV1761-Bacillus mesonae
ASV1769	87.220	446	55	2	1	445	1	445	7.42e-145	507	ASV1741-Bacillus mesonae
ASV1769	87.220	446	55	2	1	445	1	445	7.42e-145	507	ASV1718-Bacillus mesonae
ASV1769	87.220	446	55	2	1	445	2	446	7.42e-145	507	ASV1685-Bacillus mesonae
ASV1769	87.220	446	55	2	1	445	2	446	7.42e-145	507	ASV1650-Bacillus mesonae
ASV1769	86.996	446	56	2	1	445	1	445	3.45e-143	501	ASV1767-Bacillus mesonae
ASV1769	86.996	446	56	2	1	445	1	445	3.45e-143	501	ASV1737-Bacillus mesonae
ASV1769	87.025	447	54	4	1	445	1	445	3.45e-143	501	ASV1734-Cupriavidus plantarum
ASV1769	87.025	447	54	4	1	445	1	445	3.45e-143	501	ASV1722-Cupriavidus plantarum
ASV1769	86.996	446	56	2	1	445	2	446	3.45e-143	501	ASV1677-Bacillus mesonae
ASV1769	86.996	446	56	2	1	445	1	445	3.45e-143	501	ASV1675-Bacillus mesonae
ASV1769	86.996	446	56	2	1	445	1	445	3.45e-143	501	ASV1673-Bacillus mesonae
ASV1769	86.996	446	56	2	1	445	1	445	3.45e-143	501	ASV1653-Bacillus mesonae
ASV1769	86.996	446	56	2	1	445	2	446	3.45e-143	501	ASV1631-Bacillus mesonae
ASV1769	86.996	446	56	2	1	445	2	446	3.45e-143	501	ASV1630-Bacillus mesonae
ASV1769	86.996	446	56	2	1	445	1	445	3.45e-143	501	ASV1621-Bacillus mesonae
ASV1769	86.996	446	56	2	1	445	1	445	3.45e-143	501	ASV1553-Bacillus mesonae
ASV1769	86.996	446	56	2	1	445	1	445	3.45e-143	501	ASV1476-Bacillus mesonae
ASV1769	86.996	446	56	2	1	445	1	445	3.45e-143	501	ASV1444-Bacillus mesonae
ASV1769	87.305	449	44	9	1	445	1	440	3.45e-143	501	ASV1423-Rhizobium sp.
ASV1769	86.996	446	56	2	1	445	1	445	3.45e-143	501	ASV1384-Bacillus mesonae
ASV1769	86.801	447	55	4	1	445	3	447	1.61e-141	496	ASV1752-Cupriavidus metallidurans
ASV1769	86.771	446	57	2	1	445	2	446	1.61e-141	496	ASV1687-Bacillus mesonae
ASV1769	86.771	446	57	2	1	445	1	445	1.61e-141	496	ASV1686-Bacillus mesonae
ASV1769	86.771	446	57	2	1	445	1	445	1.61e-141	496	ASV1683-Bacillus mesonae
ASV1769	86.771	446	57	2	1	445	2	446	1.61e-141	496	ASV1666-Bacillus mesonae
ASV1769	86.771	446	57	2	1	445	1	445	1.61e-141	496	ASV1663-Bacillus mesonae
ASV1769	86.771	446	57	2	1	445	1	445	1.61e-141	496	ASV1635-Bacillus mesonae
ASV1769	86.771	446	57	2	1	445	1	445	1.61e-141	496	ASV1622-Bacillus mesonae
ASV1769	86.771	446	57	2	1	445	2	446	1.61e-141	496	ASV1612-Bacillus mesonae
ASV1769	86.771	446	57	2	1	445	1	445	1.61e-141	496	ASV1611-Bacillus mesonae
ASV1769	86.771	446	57	2	1	445	1	445	1.61e-141	496	ASV1570-Bacillus mesonae
ASV1769	86.771	446	57	2	1	445	1	445	1.61e-141	496	ASV1565-Bacillus mesonae
ASV1769	86.771	446	57	2	1	445	1	445	1.61e-141	496	ASV1539-Bacillus mesonae
ASV1769	87.025	447	49	8	1	445	2	441	1.61e-141	496	ASV1537-Devosia sp.
ASV1769	86.771	446	57	2	1	445	1	445	1.61e-141	496	ASV1536-Bacillus mesonae
ASV1769	86.771	446	57	2	1	445	1	445	1.61e-141	496	ASV1512-Bacillus mesonae
ASV1769	87.025	447	49	8	1	445	1	440	1.61e-141	496	ASV1465-Devosia sp.
ASV1769	86.771	446	57	2	1	445	1	445	1.61e-141	496	ASV1454-Bacillus mesonae
ASV1769	86.771	446	57	2	1	445	1	445	1.61e-141	496	ASV1375-Bacillus mesonae
ASV1769	86.771	446	57	2	1	445	1	445	1.61e-141	496	ASV1366-Bacillus mesonae
ASV1769	87.082	449	45	9	1	445	1	440	1.61e-141	496	ASV1150-Rhizobium altiplani
ASV1769	86.577	447	56	4	1	445	3	447	7.47e-140	490	ASV1742-Cupriavidus metallidurans
ASV1769	86.801	447	50	8	1	445	2	441	7.47e-140	490	ASV1613-Devosia sp.
ASV1769	86.801	447	50	8	1	445	1	440	7.47e-140	490	ASV1587-Devosia sp.
ASV1769	86.801	447	50	8	1	445	2	441	7.47e-140	490	ASV1567-Devosia sp.
ASV1769	86.801	447	50	8	1	445	2	441	7.47e-140	490	ASV1550-Devosia sp.
ASV1769	86.801	447	50	8	1	445	1	440	7.47e-140	490	ASV1399-Devosia sp.
ASV1769	86.517	445	55	4	1	445	1	440	3.48e-138	484	ASV1794-Shinella yambaruensis
ASV1769	86.577	447	51	8	1	445	1	440	3.48e-138	484	ASV1616-Devosia sp.
ASV1769	86.637	449	47	9	1	445	2	441	3.48e-138	484	ASV1507-Rhizobium altiplani
ASV1769	86.577	447	51	8	1	445	1	440	3.48e-138	484	ASV1494-Devosia sp.
ASV1769	86.577	447	51	8	1	445	1	440	3.48e-138	484	ASV1462-Devosia sp.
ASV1769	86.637	449	47	9	1	445	1	440	3.48e-138	484	ASV1379-Rhizobium altiplani
ASV1769	86.130	447	58	4	1	445	1	445	1.62e-136	479	ASV1727-Cupriavidus metallidurans
ASV1769	86.130	447	58	4	1	445	3	447	1.62e-136	479	ASV1716-Cupriavidus plantarum
ASV1769	86.353	447	52	8	1	445	1	440	1.62e-136	479	ASV1603-Devosia sp.
ASV1769	86.353	447	52	8	1	445	1	440	1.62e-136	479	ASV1551-Devosia sp.
ASV1769	86.353	447	52	8	1	445	1	440	1.62e-136	479	ASV1535-Devosia sp.
ASV1769	86.099	446	55	5	1	445	1	440	7.53e-135	473	ASV1732-AF370880_g sp.
ASV1769	85.906	447	59	4	1	445	3	447	7.53e-135	473	ASV1726-Cupriavidus plantarum
ASV1769	86.192	449	49	11	1	445	2	441	7.53e-135	473	ASV1122-Bosea vaviloviae
ASV1769	85.874	446	61	2	1	445	1	445	7.53e-135	473	ASV346-Pseudarthrobacter equi
ASV1769	85.874	446	61	2	1	445	1	445	7.53e-135	473	ASV316-Pseudarthrobacter equi
ASV1769	85.874	446	61	2	1	445	1	445	7.53e-135	473	ASV197-Pseudarthrobacter equi
ASV1769	85.874	446	61	2	1	445	1	445	7.53e-135	473	ASV140-Pseudarthrobacter equi
ASV1769	85.874	446	61	2	1	445	1	445	7.53e-135	473	ASV42-Pseudarthrobacter equi
ASV1769	85.938	448	52	8	1	445	1	440	3.50e-133	468	ASV1750-Labrys neptuniae
ASV1769	85.969	449	50	11	1	445	1	440	3.50e-133	468	ASV1408-Bosea vaviloviae
ASV1769	85.969	449	50	11	1	445	2	441	3.50e-133	468	ASV1138-Bosea vaviloviae
ASV1769	85.969	449	50	11	1	445	1	440	3.50e-133	468	ASV1050-Bosea vaviloviae
ASV1769	85.938	448	52	8	1	445	2	441	3.50e-133	468	ASV1010-Labrys neptuniae
ASV1769	85.938	448	52	8	1	445	1	440	3.50e-133	468	ASV963-Labrys neptuniae
ASV1769	85.938	448	52	8	1	445	1	440	3.50e-133	468	ASV959-Labrys neptuniae
ASV1769	85.938	448	52	8	1	445	1	440	3.50e-133	468	ASV894-Labrys neptuniae
ASV1769	85.650	446	62	2	1	445	1	445	3.50e-133	468	ASV258-Pseudarthrobacter equi
ASV1769	85.650	446	62	2	1	445	1	445	3.50e-133	468	ASV242-Pseudarthrobacter equi
ASV1769	85.650	446	62	2	1	445	1	445	3.50e-133	468	ASV179-Pseudarthrobacter oxydans
ASV1769	85.650	446	62	2	1	445	1	445	3.50e-133	468	ASV137-Pseudarthrobacter equi
ASV1769	85.650	446	62	2	1	445	1	445	3.50e-133	468	ASV89-Pseudarthrobacter equi
ASV1769	85.650	446	62	2	1	445	1	445	3.50e-133	468	ASV88-Pseudarthrobacter equi
ASV1769	85.650	446	62	2	1	445	1	445	3.50e-133	468	ASV78-Pseudarthrobacter equi
ASV1769	85.650	446	62	2	1	445	1	445	3.50e-133	468	ASV65-Pseudarthrobacter equi
ASV1769	85.650	446	62	2	1	445	1	445	3.50e-133	468	ASV62-Pseudarthrobacter equi
ASV1769	85.650	446	62	2	1	445	1	445	3.50e-133	468	ASV16-Pseudarthrobacter equi
ASV1769	85.746	449	51	11	1	445	2	441	1.63e-131	462	ASV1508-Bosea vaviloviae
ASV1769	85.714	448	53	8	1	445	1	440	1.63e-131	462	ASV1469-Labrys neptuniae
ASV1769	85.746	449	51	11	1	445	1	440	1.63e-131	462	ASV1420-Bosea vaviloviae
ASV1769	85.746	449	51	11	1	445	1	440	1.63e-131	462	ASV1406-Bosea vaviloviae
ASV1769	85.746	449	51	11	1	445	2	441	1.63e-131	462	ASV1405-Bosea vaviloviae
ASV1769	85.746	449	51	11	1	445	1	440	1.63e-131	462	ASV1385-Bosea vaviloviae
ASV1769	85.746	449	51	11	1	445	1	440	1.63e-131	462	ASV1369-Bosea vaviloviae
ASV1769	85.746	449	51	11	1	445	1	440	1.63e-131	462	ASV1361-Bosea vaviloviae
ASV1769	85.746	449	51	11	1	445	2	441	1.63e-131	462	ASV1349-Bosea vaviloviae
ASV1769	85.746	449	51	11	1	445	1	440	1.63e-131	462	ASV1314-Bosea vaviloviae
ASV1769	85.714	448	53	8	1	445	2	441	1.63e-131	462	ASV1292-Labrys neptuniae
ASV1769	85.714	448	53	8	1	445	1	440	1.63e-131	462	ASV1257-Labrys neptuniae
ASV1769	85.746	449	51	11	1	445	1	440	1.63e-131	462	ASV1224-Bosea vaviloviae
ASV1769	85.746	449	51	11	1	445	1	440	1.63e-131	462	ASV1179-Bosea vaviloviae
ASV1769	85.714	448	53	8	1	445	1	440	1.63e-131	462	ASV1177-Labrys neptuniae
ASV1769	85.714	448	53	8	1	445	2	441	1.63e-131	462	ASV1162-Labrys neptuniae
ASV1769	85.714	448	53	8	1	445	1	440	1.63e-131	462	ASV1146-Labrys neptuniae
ASV1769	85.746	449	51	11	1	445	1	440	1.63e-131	462	ASV1123-Bosea vaviloviae
ASV1769	85.714	448	53	8	1	445	1	440	1.63e-131	462	ASV995-Labrys neptuniae
ASV1769	85.714	448	53	8	1	445	1	440	1.63e-131	462	ASV892-Labrys neptuniae
ASV1769	85.714	448	53	8	1	445	1	440	1.63e-131	462	ASV838-Labrys neptuniae
ASV1769	85.714	448	53	8	1	445	1	440	1.63e-131	462	ASV833-Labrys neptuniae
ASV1769	85.714	448	53	8	1	445	1	440	1.63e-131	462	ASV815-Labrys neptuniae
ASV1769	85.746	449	51	11	1	445	1	440	1.63e-131	462	ASV624-Bosea vaviloviae
ASV1769	85.426	446	63	2	1	445	1	445	1.63e-131	462	ASV335-Pseudarthrobacter oxydans
ASV1769	85.426	446	63	2	1	445	1	445	1.63e-131	462	ASV223-Pseudarthrobacter oxydans
ASV1769	85.426	446	63	2	1	445	1	445	1.63e-131	462	ASV200-Pseudarthrobacter oxydans
ASV1769	85.426	446	63	2	1	445	1	445	1.63e-131	462	ASV196-Pseudarthrobacter oxydans
ASV1769	85.426	446	63	2	1	445	1	445	1.63e-131	462	ASV149-Pseudarthrobacter oxydans
ASV1769	85.426	446	63	2	1	445	1	445	1.63e-131	462	ASV101-Pseudarthrobacter equi
ASV1769	85.426	446	63	2	1	445	1	445	1.63e-131	462	ASV83-Pseudarthrobacter equi
ASV1769	85.426	446	63	2	1	445	1	445	1.63e-131	462	ASV55-Pseudarthrobacter oxydans
ASV1769	85.426	446	63	2	1	445	1	445	1.63e-131	462	ASV36-Pseudarthrobacter equi
ASV1769	85.426	446	63	2	1	445	1	445	1.63e-131	462	ASV33-Pseudarthrobacter equi
ASV1769	85.491	448	54	8	1	445	3	442	7.58e-130	457	ASV1709-Labrys neptuniae
ASV1769	85.491	448	54	8	1	445	1	440	7.58e-130	457	ASV1561-Labrys neptuniae
ASV1769	85.523	449	52	11	1	445	1	440	7.58e-130	457	ASV1522-Bosea vaviloviae
ASV1769	85.523	449	52	11	1	445	1	440	7.58e-130	457	ASV1484-Bosea vaviloviae
ASV1769	85.523	449	52	11	1	445	1	440	7.58e-130	457	ASV1397-Bosea vaviloviae
ASV1769	85.523	449	52	11	1	445	1	440	7.58e-130	457	ASV1380-Bosea vaviloviae
ASV1769	85.523	449	52	11	1	445	1	440	7.58e-130	457	ASV1321-Bosea vaviloviae
ASV1769	85.523	449	52	11	1	445	1	440	7.58e-130	457	ASV1306-Bosea vaviloviae
ASV1769	85.523	449	52	11	1	445	2	441	7.58e-130	457	ASV1232-Bosea vaviloviae
ASV1769	85.491	448	54	8	1	445	2	441	7.58e-130	457	ASV1210-Labrys neptuniae
ASV1769	85.491	448	54	8	1	445	1	440	7.58e-130	457	ASV1202-Labrys neptuniae
ASV1769	85.523	449	52	11	1	445	2	441	7.58e-130	457	ASV1195-Bosea vaviloviae
ASV1769	85.491	448	54	8	1	445	1	440	7.58e-130	457	ASV1149-Labrys neptuniae
ASV1769	85.523	449	52	11	1	445	2	441	7.58e-130	457	ASV1124-Bosea vaviloviae
ASV1769	85.523	449	52	11	1	445	1	440	7.58e-130	457	ASV1092-Bosea vaviloviae
ASV1769	85.523	449	52	11	1	445	1	440	7.58e-130	457	ASV1061-Bosea vaviloviae
ASV1769	85.523	449	52	11	1	445	1	440	7.58e-130	457	ASV1053-Bosea vaviloviae
ASV1769	85.491	448	54	8	1	445	3	442	7.58e-130	457	ASV1030-Labrys neptuniae
ASV1769	85.523	449	52	11	1	445	1	440	7.58e-130	457	ASV1020-Bosea vaviloviae
ASV1769	85.523	449	52	11	1	445	1	440	7.58e-130	457	ASV968-Bosea vaviloviae
ASV1769	85.491	448	54	10	1	445	2	441	7.58e-130	457	ASV937-Caulobacter sp.
ASV1769	85.491	448	54	8	1	445	1	440	7.58e-130	457	ASV926-Labrys neptuniae
ASV1769	85.491	448	54	8	1	445	1	440	7.58e-130	457	ASV911-Labrys neptuniae
ASV1769	85.523	449	52	11	1	445	1	440	7.58e-130	457	ASV906-Bosea vaviloviae
ASV1769	85.491	448	54	8	1	445	1	440	7.58e-130	457	ASV761-Labrys neptuniae
ASV1769	85.491	448	54	8	1	445	1	440	7.58e-130	457	ASV750-Labrys neptuniae
ASV1769	85.523	449	52	11	1	445	1	440	7.58e-130	457	ASV629-Bosea vaviloviae
ASV1769	85.491	448	54	8	1	445	1	440	7.58e-130	457	ASV440-Labrys neptuniae
ASV1769	85.235	447	62	4	1	445	1	445	7.58e-130	457	ASV405-Paenarthrobacter nitroguajacolicus
ASV1769	85.202	446	64	2	1	445	1	445	7.58e-130	457	ASV381-Pseudarthrobacter oxydans
ASV1769	85.491	448	54	8	1	445	1	440	7.58e-130	457	ASV380-Labrys neptuniae
ASV1769	85.202	446	64	2	1	445	1	445	7.58e-130	457	ASV327-Pseudarthrobacter oxydans
ASV1769	85.202	446	64	2	1	445	1	445	7.58e-130	457	ASV315-Pseudarthrobacter oxydans
ASV1769	85.202	446	64	2	1	445	1	445	7.58e-130	457	ASV269-Pseudarthrobacter oxydans
ASV1769	85.202	446	64	2	1	445	1	445	7.58e-130	457	ASV186-Pseudarthrobacter oxydans
ASV1769	85.235	447	62	4	1	445	1	445	7.58e-130	457	ASV184-Paenarthrobacter nitroguajacolicus
ASV1769	85.202	446	64	2	1	445	1	445	7.58e-130	457	ASV158-Pseudarthrobacter oxydans
ASV1769	85.202	446	64	2	1	445	1	445	7.58e-130	457	ASV146-Pseudarthrobacter oxydans
ASV1769	85.202	446	64	2	1	445	1	445	7.58e-130	457	ASV110-Pseudarthrobacter oxydans
ASV1769	85.202	446	64	2	1	445	1	445	7.58e-130	457	ASV91-Pseudarthrobacter oxydans
ASV1769	85.202	446	64	2	1	445	1	445	7.58e-130	457	ASV80-Pseudarthrobacter oxydans
ASV1769	85.235	447	62	4	1	445	1	445	7.58e-130	457	ASV54-Paenarthrobacter nitroguajacolicus
ASV1769	85.202	446	64	2	1	445	1	445	7.58e-130	457	ASV27-Pseudarthrobacter oxydans
ASV1769	85.268	448	55	8	1	445	2	441	3.53e-128	451	ASV1583-Labrys neptuniae
ASV1769	85.202	446	59	6	1	445	1	440	3.53e-128	451	ASV1505-Brevundimonas staleyi
ASV1769	85.301	449	53	11	1	445	1	440	3.53e-128	451	ASV1357-Bosea vaviloviae
ASV1769	85.301	449	53	11	1	445	1	440	3.53e-128	451	ASV1326-Bosea vaviloviae
ASV1769	85.301	449	53	11	1	445	1	440	3.53e-128	451	ASV1299-Bosea vaviloviae
ASV1769	85.301	449	53	11	1	445	2	441	3.53e-128	451	ASV1279-Bosea vaviloviae
ASV1769	85.301	449	53	11	1	445	1	440	3.53e-128	451	ASV1271-Bosea vaviloviae
ASV1769	85.268	448	55	10	1	445	1	440	3.53e-128	451	ASV1245-Caulobacter sp.
ASV1769	85.301	449	53	11	1	445	1	440	3.53e-128	451	ASV1215-Bosea vaviloviae
ASV1769	85.268	448	55	8	1	445	1	440	3.53e-128	451	ASV811-Labrys neptuniae
ASV1769	85.011	447	63	4	1	445	1	445	3.53e-128	451	ASV780-Paenarthrobacter nitroguajacolicus
ASV1769	85.301	449	53	11	1	445	1	440	3.53e-128	451	ASV692-Bosea vaviloviae
ASV1769	85.011	447	63	4	1	445	1	445	3.53e-128	451	ASV645-Paenarthrobacter nitroguajacolicus
ASV1769	85.268	448	55	8	1	445	1	440	3.53e-128	451	ASV459-Labrys neptuniae
ASV1769	85.011	447	63	4	1	445	1	445	3.53e-128	451	ASV372-Paenarthrobacter nitroguajacolicus
ASV1769	85.011	447	63	4	1	445	1	445	3.53e-128	451	ASV336-Paenarthrobacter nitroguajacolicus
ASV1769	85.011	447	63	4	1	445	1	445	3.53e-128	451	ASV277-Paenarthrobacter nitroguajacolicus
ASV1769	85.011	447	63	4	1	445	1	445	3.53e-128	451	ASV246-Paenarthrobacter nitroguajacolicus
ASV1769	85.011	447	63	4	1	445	1	445	3.53e-128	451	ASV222-Paenarthrobacter nitroguajacolicus
ASV1769	85.011	447	63	4	1	445	1	445	3.53e-128	451	ASV126-Paenarthrobacter nitroguajacolicus
ASV1769	85.011	447	63	4	1	445	1	445	3.53e-128	451	ASV109-Paenarthrobacter nitroguajacolicus
ASV1769	84.978	446	65	2	1	445	1	445	3.53e-128	451	ASV107-Pseudarthrobacter oxydans
ASV1769	84.978	446	65	2	1	445	1	445	3.53e-128	451	ASV93-Pseudarthrobacter oxydans
ASV1769	85.011	447	63	4	1	445	1	445	3.53e-128	451	ASV84-Paenarthrobacter nitroguajacolicus
ASV1769	85.011	447	63	4	1	445	1	445	3.53e-128	451	ASV60-Paenarthrobacter nitroguajacolicus
ASV1769	84.978	446	65	2	1	445	1	445	3.53e-128	451	ASV57-Pseudarthrobacter oxydans
ASV1769	84.978	446	65	2	1	445	1	445	3.53e-128	451	ASV44-Pseudarthrobacter oxydans
ASV1769	85.011	447	63	4	1	445	1	445	3.53e-128	451	ASV6-Paenarthrobacter nitroguajacolicus
ASV1769	85.045	448	56	10	1	445	1	440	1.64e-126	446	ASV1458-Caulobacter sp.
ASV1769	85.045	448	56	10	1	445	2	441	1.64e-126	446	ASV1253-Caulobacter sp.
ASV1769	85.078	449	54	12	1	445	1	440	1.64e-126	446	ASV1191-Caulobacter sp.
ASV1769	85.045	448	56	10	1	445	1	440	1.64e-126	446	ASV1047-Caulobacter sp.
ASV1769	85.045	448	56	10	1	445	1	440	1.64e-126	446	ASV1001-Caulobacter sp.
ASV1769	85.045	448	56	10	1	445	1	440	1.64e-126	446	ASV919-Caulobacter sp.
ASV1769	85.045	448	56	10	1	445	1	440	1.64e-126	446	ASV878-Caulobacter sp.
ASV1769	85.045	448	56	10	1	445	1	440	1.64e-126	446	ASV846-Caulobacter sp.
ASV1769	85.045	448	56	10	1	445	1	440	1.64e-126	446	ASV814-Caulobacter sp.
ASV1769	85.045	448	56	10	1	445	1	440	1.64e-126	446	ASV751-Caulobacter sp.
ASV1769	84.787	447	64	4	1	445	1	445	1.64e-126	446	ASV675-Paenarthrobacter nitroguajacolicus
ASV1769	84.787	447	64	4	1	445	1	445	1.64e-126	446	ASV287-Paenarthrobacter nitroguajacolicus
ASV1769	84.787	447	64	4	1	445	1	445	1.64e-126	446	ASV92-Paenarthrobacter nitroguajacolicus
ASV1769	84.787	447	64	4	1	445	1	445	1.64e-126	446	ASV59-Paenarthrobacter nitroguajacolicus
ASV1769	84.787	447	64	4	1	445	1	445	1.64e-126	446	ASV45-Paenarthrobacter nitroguajacolicus
ASV1769	84.821	448	57	10	1	445	1	440	7.63e-125	440	ASV1354-Caulobacter sp.
ASV1769	84.753	446	61	6	1	445	2	441	7.63e-125	440	ASV1248-Caulobacter rhizosphaerae
ASV1769	84.821	448	57	10	1	445	1	440	7.63e-125	440	ASV1227-Caulobacter sp.
ASV1769	84.855	449	55	12	1	445	2	441	7.63e-125	440	ASV1220-Caulobacter sp.
ASV1769	84.855	449	55	12	1	445	1	440	7.63e-125	440	ASV1203-Caulobacter sp.
ASV1769	84.821	448	57	10	1	445	1	440	7.63e-125	440	ASV1125-Caulobacter sp.
ASV1769	84.855	449	55	12	1	445	1	440	7.63e-125	440	ASV1006-Caulobacter sp.
ASV1769	84.855	449	55	12	1	445	2	441	7.63e-125	440	ASV978-Caulobacter sp.
ASV1769	84.855	449	55	12	1	445	1	440	7.63e-125	440	ASV966-Caulobacter sp.
ASV1769	84.821	448	57	10	1	445	1	440	7.63e-125	440	ASV957-Caulobacter sp.
ASV1769	84.821	448	57	10	1	445	1	440	7.63e-125	440	ASV951-Caulobacter sp.
ASV1769	84.855	449	55	12	1	445	1	440	7.63e-125	440	ASV932-Caulobacter sp.
ASV1769	84.821	448	57	10	1	445	1	440	7.63e-125	440	ASV792-Caulobacter sp.
ASV1769	84.821	448	57	10	1	445	1	440	7.63e-125	440	ASV481-Caulobacter sp.
ASV1769	84.598	448	58	10	1	445	1	440	3.55e-123	435	ASV1372-Caulobacter sp.
ASV1769	84.633	449	56	12	1	445	1	440	3.55e-123	435	ASV1268-Caulobacter sp.
ASV1769	84.598	448	58	10	1	445	1	440	3.55e-123	435	ASV1256-Caulobacter sp.
ASV1769	84.633	449	56	12	1	445	1	440	3.55e-123	435	ASV1175-Caulobacter sp.
ASV1769	84.633	449	56	12	1	445	1	440	3.55e-123	435	ASV1157-Caulobacter sp.
ASV1769	84.633	449	56	12	1	445	1	440	3.55e-123	435	ASV1128-Caulobacter sp.
ASV1769	84.633	449	56	12	1	445	1	440	3.55e-123	435	ASV1064-Caulobacter sp.
ASV1769	84.633	449	56	12	1	445	2	441	3.55e-123	435	ASV1063-Caulobacter sp.
ASV1769	84.633	449	56	12	1	445	1	440	3.55e-123	435	ASV1012-Caulobacter sp.
ASV1769	84.633	449	56	12	1	445	1	440	3.55e-123	435	ASV1004-Caulobacter sp.
ASV1769	84.305	446	68	2	1	445	1	445	3.55e-123	435	ASV999-Terrabacter koreensis
ASV1769	84.305	446	68	2	1	445	1	445	3.55e-123	435	ASV927-Terrabacter koreensis
ASV1769	84.598	448	58	10	1	445	1	440	3.55e-123	435	ASV647-Caulobacter sp.
ASV1769	84.375	448	59	9	1	445	1	440	1.65e-121	429	ASV1637-Bradyrhizobium denitrificans
ASV1769	84.410	449	57	12	1	445	1	440	1.65e-121	429	ASV1355-Caulobacter sp.
ASV1769	84.410	449	57	12	1	445	4	443	1.65e-121	429	ASV1182-Caulobacter sp.
ASV1769	84.081	446	69	2	1	445	1	445	1.65e-121	429	ASV1119-Terrabacter koreensis
ASV1769	84.081	446	69	2	1	445	1	445	1.65e-121	429	ASV1069-Terrabacter koreensis
ASV1769	84.081	446	69	2	1	445	1	445	1.65e-121	429	ASV1057-Terrabacter koreensis
ASV1769	84.410	449	57	12	1	445	2	441	1.65e-121	429	ASV998-Caulobacter sp.
ASV1769	84.410	449	57	12	1	445	1	440	1.65e-121	429	ASV954-Caulobacter sp.
ASV1769	84.410	449	57	12	1	445	1	440	1.65e-121	429	ASV944-Caulobacter sp.
ASV1769	84.081	446	69	2	1	445	1	445	1.65e-121	429	ASV879-Terrabacter koreensis
ASV1769	84.081	446	69	2	1	445	1	445	1.65e-121	429	ASV412-Terrabacter koreensis
ASV1769	83.857	446	70	2	1	445	1	445	7.69e-120	424	ASV1266-Terrabacter koreensis
ASV1769	83.857	446	70	2	1	445	1	445	7.69e-120	424	ASV1247-Terrabacter koreensis
ASV1769	83.857	446	70	2	1	445	1	445	7.69e-120	424	ASV1099-Terrabacter koreensis
ASV1769	83.857	446	70	2	1	445	2	446	7.69e-120	424	ASV1008-Terrabacter koreensis
ASV1769	83.857	446	70	2	1	445	1	445	7.69e-120	424	ASV866-Terrabacter koreensis
ASV1769	83.857	446	70	2	1	445	1	445	7.69e-120	424	ASV830-Terrabacter koreensis
ASV1769	83.857	446	70	2	1	445	1	445	7.69e-120	424	ASV769-Terrabacter koreensis
ASV1769	83.857	446	70	2	1	445	1	445	7.69e-120	424	ASV694-Terrabacter koreensis
ASV1769	83.857	446	70	2	1	445	1	445	7.69e-120	424	ASV609-Terrabacter koreensis
ASV1769	83.857	446	70	2	1	445	1	445	7.69e-120	424	ASV529-Terrabacter koreensis
ASV1769	83.857	446	70	2	1	445	1	445	7.69e-120	424	ASV429-Terrabacter koreensis
ASV1769	83.857	446	70	2	1	445	1	445	7.69e-120	424	ASV401-Terrabacter koreensis
ASV1769	83.857	446	70	2	1	445	1	445	7.69e-120	424	ASV340-Terrabacter koreensis
ASV1769	83.632	446	71	2	1	445	2	446	3.58e-118	418	ASV1094-Terrabacter koreensis
ASV1769	83.632	446	71	2	1	445	3	447	3.58e-118	418	ASV1088-Terrabacter koreensis
ASV1769	83.632	446	71	2	1	445	1	445	3.58e-118	418	ASV1028-Terrabacter koreensis
ASV1769	83.632	446	71	2	1	445	1	445	3.58e-118	418	ASV941-Terrabacter koreensis
ASV1769	83.632	446	71	2	1	445	1	445	3.58e-118	418	ASV875-Terrabacter koreensis
ASV1769	83.632	446	71	2	1	445	1	445	3.58e-118	418	ASV857-Terrabacter koreensis
ASV1769	83.632	446	71	2	1	445	1	445	3.58e-118	418	ASV832-Terrabacter koreensis
ASV1769	83.632	446	71	2	1	445	1	445	3.58e-118	418	ASV775-Terrabacter koreensis
ASV1769	83.632	446	71	2	1	445	1	445	3.58e-118	418	ASV763-Terrabacter koreensis
ASV1769	83.632	446	71	2	1	445	1	445	3.58e-118	418	ASV737-Terrabacter koreensis
ASV1769	83.632	446	71	2	1	445	1	445	3.58e-118	418	ASV549-Terrabacter koreensis
ASV1769	83.632	446	71	2	1	445	1	445	3.58e-118	418	ASV534-Terrabacter koreensis
ASV1769	83.632	446	71	2	1	445	1	445	3.58e-118	418	ASV488-Terrabacter koreensis
ASV1769	83.632	446	71	2	1	445	1	445	3.58e-118	418	ASV467-Terrabacter koreensis
ASV1769	83.632	446	71	2	1	445	1	445	3.58e-118	418	ASV441-Terrabacter koreensis
ASV1769	83.632	446	71	2	1	445	1	445	3.58e-118	418	ASV427-Terrabacter koreensis
ASV1769	83.632	446	71	2	1	445	1	445	3.58e-118	418	ASV268-Terrabacter koreensis
ASV1769	83.445	447	70	3	1	445	2	446	1.66e-116	412	ASV1717-Chryseobacterium culicis
ASV1769	83.408	446	72	2	1	445	1	445	1.66e-116	412	ASV1167-Terrabacter koreensis
ASV1769	83.408	446	72	2	1	445	1	445	1.66e-116	412	ASV881-Terrabacter koreensis
ASV1769	83.408	446	72	2	1	445	2	446	1.66e-116	412	ASV870-Terrabacter koreensis
ASV1769	83.408	446	72	2	1	445	2	446	1.66e-116	412	ASV817-Terrabacter koreensis
ASV1769	83.408	446	72	2	1	445	1	445	1.66e-116	412	ASV550-Terrabacter koreensis
ASV1769	83.408	446	72	2	1	445	1	445	1.66e-116	412	ASV473-Terrabacter koreensis
ASV1769	83.408	446	72	2	1	445	1	445	1.66e-116	412	ASV435-Terrabacter koreensis
ASV1769	83.408	446	72	2	1	445	1	445	1.66e-116	412	ASV420-Terrabacter koreensis
ASV1769	83.408	446	67	4	1	445	2	441	7.74e-115	407	ASV1751-Pseudomonas brassicacearum
ASV1769	82.796	465	60	6	1	445	1	465	4.66e-112	398	ASV1457-Enterobacter ludwigii
ASV1769	82.581	465	61	6	1	445	1	465	2.17e-110	392	ASV1503-Enterobacter ludwigii
ASV1769	82.581	465	61	7	1	445	2	466	2.17e-110	392	ASV1417-Enterobacter ludwigii
ASV1769	82.581	465	61	5	1	445	1	465	2.17e-110	392	ASV1258-Enterobacter sp.
ASV1769	82.581	465	61	7	1	445	1	465	2.17e-110	392	ASV1147-Enterobacter ludwigii
ASV1769	82.618	466	59	12	1	445	2	466	2.17e-110	392	ASV1087-Escherichia flexneri
ASV1769	82.581	465	61	5	1	445	1	465	2.17e-110	392	ASV1056-Enterobacter kobei
ASV1769	82.581	465	61	5	1	445	2	466	2.17e-110	392	ASV1042-Enterobacter sp.
ASV1769	82.581	465	61	6	1	445	1	465	2.17e-110	392	ASV1015-Enterobacter ludwigii
ASV1769	82.581	465	61	6	1	445	1	465	2.17e-110	392	ASV767-Enterobacter ludwigii
ASV1769	82.581	465	61	5	1	445	1	465	2.17e-110	392	ASV560-Enterobacter kobei
ASV1769	82.581	465	61	5	1	445	1	465	2.17e-110	392	ASV406-Enterobacter kobei
ASV1769	82.366	465	62	5	1	445	1	465	1.01e-108	387	ASV1588-Enterobacter sp.
ASV1769	82.366	465	62	7	1	445	1	465	1.01e-108	387	ASV1533-Enterobacter ludwigii
ASV1769	82.366	465	62	5	1	445	2	466	1.01e-108	387	ASV1520-Enterobacter kobei
ASV1769	82.403	466	60	12	1	445	1	465	1.01e-108	387	ASV1471-Escherichia flexneri
ASV1769	82.366	465	62	5	1	445	1	465	1.01e-108	387	ASV1455-Enterobacter sp.
ASV1769	82.366	465	62	5	1	445	1	465	1.01e-108	387	ASV1451-Enterobacter sp.
ASV1769	82.366	465	62	6	1	445	1	465	1.01e-108	387	ASV1431-Enterobacter ludwigii
ASV1769	82.366	465	62	7	1	445	3	467	1.01e-108	387	ASV1416-Enterobacter ludwigii
ASV1769	82.366	465	62	5	1	445	1	465	1.01e-108	387	ASV1386-Enterobacter sp.
ASV1769	82.366	465	62	6	1	445	1	465	1.01e-108	387	ASV1275-Enterobacter ludwigii
ASV1769	82.366	465	62	5	1	445	1	465	1.01e-108	387	ASV1160-Enterobacter sp.
ASV1769	82.366	465	62	5	1	445	1	465	1.01e-108	387	ASV1159-Enterobacter tabaci
ASV1769	82.366	465	62	7	1	445	1	465	1.01e-108	387	ASV1143-Enterobacter ludwigii
ASV1769	82.403	466	60	12	1	445	1	465	1.01e-108	387	ASV1141-Escherichia flexneri
ASV1769	82.366	465	62	5	1	445	1	465	1.01e-108	387	ASV971-Enterobacter tabaci
ASV1769	82.366	465	62	5	1	445	1	465	1.01e-108	387	ASV962-Enterobacter kobei
ASV1769	82.366	465	62	7	1	445	1	465	1.01e-108	387	ASV930-Enterobacter ludwigii
ASV1769	82.366	465	62	7	1	445	2	466	1.01e-108	387	ASV843-Enterobacter ludwigii
ASV1769	82.403	466	60	12	1	445	1	465	1.01e-108	387	ASV778-Escherichia flexneri
ASV1769	82.366	465	62	5	1	445	1	465	1.01e-108	387	ASV765-Enterobacter kobei
ASV1769	82.366	465	62	7	1	445	1	465	1.01e-108	387	ASV724-Enterobacter ludwigii
ASV1769	82.366	465	62	6	1	445	2	466	1.01e-108	387	ASV674-Enterobacter ludwigii
ASV1769	82.366	465	62	6	1	445	1	465	1.01e-108	387	ASV575-Enterobacter ludwigii
ASV1769	82.366	465	62	5	1	445	2	466	1.01e-108	387	ASV568-Enterobacter kobei
ASV1769	82.366	465	62	5	1	445	1	465	1.01e-108	387	ASV475-Enterobacter kobei
ASV1769	82.151	465	63	5	1	445	1	465	4.69e-107	381	ASV1546-Enterobacter kobei
ASV1769	82.151	465	63	5	1	445	1	465	4.69e-107	381	ASV1542-Enterobacter kobei
ASV1769	82.151	465	63	6	1	445	1	465	4.69e-107	381	ASV1514-Enterobacter ludwigii
ASV1769	82.151	465	63	7	1	445	1	465	4.69e-107	381	ASV1382-Enterobacter ludwigii
ASV1769	82.151	465	63	7	1	445	1	465	4.69e-107	381	ASV1368-Enterobacter ludwigii
ASV1769	82.151	465	63	7	1	445	1	465	4.69e-107	381	ASV1364-Enterobacter ludwigii
ASV1769	82.151	465	63	5	1	445	1	465	4.69e-107	381	ASV1362-Enterobacter kobei
ASV1769	82.151	465	63	5	1	445	1	465	4.69e-107	381	ASV1244-Enterobacter kobei
ASV1769	82.151	465	63	5	1	445	2	466	4.69e-107	381	ASV993-Enterobacter kobei
ASV1769	82.151	465	63	7	1	445	1	465	4.69e-107	381	ASV855-Enterobacter ludwigii
ASV1769	82.151	465	63	5	1	445	1	465	4.69e-107	381	ASV840-Enterobacter tabaci
ASV1769	82.151	465	63	5	1	445	2	466	4.69e-107	381	ASV835-Enterobacter kobei
ASV1769	82.189	466	61	12	1	445	1	465	4.69e-107	381	ASV799-Escherichia flexneri
